,1.0,2.0,3.0,4.0,5.0,6.0,7.0,8.0,9.0,10.0,11.0,12.0,13.0,14.0,15.0,16.0,17.0,18.0,19.0,20.0,21.0,22.0,23.0,24.0,25.0,26.0,27.0,28.0,29.0,30.0,31.0,32.0,33.0,34.0,35.0,36.0,37.0,38.0,39.0,40.0,41.0,42.0,43.0,44.0,45.0,46.0,47.0,48.0,49.0,50.0,51.0,52.0,53.0,54.0,55.0,56.0,57.0,58.0,59.0,60.0,61.0,62.0,63.0,64.0,65.0,66.0,67.0,68.0,69.0,70.0,71.0,72.0,73.0,74.0,75.0,76.0,77.0,78.0,79.0,80.0,81.0,82.0,83.0,84.0,85.0,86.0,87.0,88.0,89.0,90.0,91.0,92.0,93.0,94.0,95.0,96.0,97.0,98.0,99.0,100.0,101.0,102.0,103.0,104.0,105.0,106.0,107.0,108.0,109.0,110.0,111.0,112.0,113.0,114.0,115.0,116.0,117.0,118.0,119.0,120.0,121.0,122.0,123.0,124.0,125.0,126.0,127.0,128.0,129.0,130.0,131.0,132.0,133.0,134.0,135.0,136.0,137.0,138.0,139.0,140.0,141.0,142.0,143.0,144.0,145.0,146.0,147.0,148.0,149.0,150.0,151.0,152.0,153.0,154.0,155.0,156.0,157.0,158.0,159.0,160.0,161.0,162.0,163.0,164.0,165.0,166.0,167.0,168.0,169.0,170.0,171.0,172.0,173.0,174.0,175.0,176.0,177.0,178.0,179.0,180.0,181.0,182.0,183.0,184.0,185.0,186.0,187.0,188.0,189.0,190.0,191.0,192.0,193.0,194.0,195.0,196.0,197.0,198.0,199.0,200.0,201.0,202.0,203.0,204.0
0,0.004901960784313725,0.004901960784313725,0.004901960784313725,0.004901960784313725,0.004901960784313725,0.004901960784313725,0.004901960784313725,0.004901960784313725,0.004901960784313725,0.004901960784313725,0.004901960784313725,0.004901960784313725,0.004901960784313725,0.004901960784313725,0.004901960784313725,0.004901960784313725,0.004901960784313725,0.004901960784313725,0.004901960784313725,0.004901960784313725,0.004901960784313725,0.004901960784313725,0.004901960784313725,0.004901960784313725,0.004901960784313725,0.004901960784313725,0.004901960784313725,0.004901960784313725,0.004901960784313725,0.004901960784313725,0.004901960784313725,0.004901960784313725,0.004901960784313725,0.004901960784313725,0.004901960784313725,0.004901960784313725,0.004901960784313725,0.004901960784313725,0.004901960784313725,0.004901960784313725,0.004901960784313725,0.004901960784313725,0.004901960784313725,0.004901960784313725,0.004901960784313725,0.004901960784313725,0.004901960784313725,0.004901960784313725,0.004901960784313725,0.004901960784313725,0.004901960784313725,0.004901960784313725,0.004901960784313725,0.004901960784313725,0.004901960784313725,0.004901960784313725,0.004901960784313725,0.004901960784313725,0.004901960784313725,0.004901960784313725,0.004901960784313725,0.004901960784313725,0.004901960784313725,0.004901960784313725,0.004901960784313725,0.004901960784313725,0.004901960784313725,0.004901960784313725,0.004901960784313725,0.004901960784313725,0.004901960784313725,0.004901960784313725,0.004901960784313725,0.004901960784313725,0.004901960784313725,0.004901960784313725,0.004901960784313725,0.004901960784313725,0.004901960784313725,0.004901960784313725,0.004901960784313725,0.004901960784313725,0.004901960784313725,0.004901960784313725,0.004901960784313725,0.004901960784313725,0.004901960784313725,0.004901960784313725,0.004901960784313725,0.004901960784313725,0.004901960784313725,0.004901960784313725,0.004901960784313725,0.004901960784313725,0.004901960784313725,0.004901960784313725,0.004901960784313725,0.004901960784313725,0.004901960784313725,0.004901960784313725,0.004901960784313725,0.004901960784313725,0.004901960784313725,0.004901960784313725,0.004901960784313725,0.004901960784313725,0.004901960784313725,0.004901960784313725,0.004901960784313725,0.004901960784313725,0.004901960784313725,0.004901960784313725,0.004901960784313725,0.004901960784313725,0.004901960784313725,0.004901960784313725,0.004901960784313725,0.004901960784313725,0.004901960784313725,0.004901960784313725,0.004901960784313725,0.004901960784313725,0.004901960784313725,0.004901960784313725,0.004901960784313725,0.004901960784313725,0.004901960784313725,0.004901960784313725,0.004901960784313725,0.004901960784313725,0.004901960784313725,0.004901960784313725,0.004901960784313725,0.004901960784313725,0.004901960784313725,0.004901960784313725,0.004901960784313725,0.004901960784313725,0.004901960784313725,0.004901960784313725,0.004901960784313725,0.004901960784313725,0.004901960784313725,0.004901960784313725,0.004901960784313725,0.004901960784313725,0.004901960784313725,0.004901960784313725,0.004901960784313725,0.004901960784313725,0.004901960784313725,0.004901960784313725,0.004901960784313725,0.004901960784313725,0.004901960784313725,0.004901960784313725,0.004901960784313725,0.004901960784313725,0.004901960784313725,0.004901960784313725,0.004901960784313725,0.004901960784313725,0.004901960784313725,0.004901960784313725,0.004901960784313725,0.004901960784313725,0.004901960784313725,0.004901960784313725,0.004901960784313725,0.004901960784313725,0.004901960784313725,0.004901960784313725,0.004901960784313725,0.004901960784313725,0.004901960784313725,0.004901960784313725,0.004901960784313725,0.004901960784313725,0.004901960784313725,0.004901960784313725,0.004901960784313725,0.004901960784313725,0.004901960784313725,0.004901960784313725,0.004901960784313725,0.004901960784313725,0.004901960784313725,0.004901960784313725,0.004901960784313725,0.004901960784313725,0.004901960784313725,0.004901960784313725,0.004901960784313725,0.004901960784313725,0.004901960784313725,0.004901960784313725,0.004901960784313725,0.004901960784313725,0.004901960784313725,0.004901960784313725,0.004901960784313725,0.004901960784313725,0.004901960784313725,0.004901960784313725
1,0.024509803921568627,0.004901960784313725,0.00980392156862745,0.0196078431372549,0.0196078431372549,0.0196078431372549,0.004901960784313725,0.00980392156862745,0.0196078431372549,0.004901960784313725,0.029411764705882353,0.0196078431372549,0.014705882352941176,0.00980392156862745,0.0196078431372549,0.014705882352941176,0.014705882352941176,0.00980392156862745,0.0196078431372549,0.004901960784313725,0.014705882352941176,0.004901960784313725,0.004901960784313725,0.00980392156862745,0.004901960784313725,0.00980392156862745,0.00980392156862745,0.024509803921568627,0.014705882352941176,0.014705882352941176,0.014705882352941176,0.014705882352941176,0.014705882352941176,0.00980392156862745,0.0196078431372549,0.014705882352941176,0.00980392156862745,0.00980392156862745,0.014705882352941176,0.024509803921568627,0.00980392156862745,0.004901960784313725,0.0392156862745098,0.03431372549019608,0.004901960784313725,0.024509803921568627,0.029411764705882353,0.004901960784313725,0.014705882352941176,0.0196078431372549,0.00980392156862745,0.014705882352941176,0.014705882352941176,0.00980392156862745,0.024509803921568627,0.00980392156862745,0.00980392156862745,0.00980392156862745,0.05392156862745098,0.024509803921568627,0.0196078431372549,0.014705882352941176,0.014705882352941176,0.00980392156862745,0.03431372549019608,0.00980392156862745,0.00980392156862745,0.024509803921568627,0.024509803921568627,0.0196078431372549,0.024509803921568627,0.024509803921568627,0.00980392156862745,0.014705882352941176,0.0196078431372549,0.014705882352941176,0.00980392156862745,0.03431372549019608,0.0196078431372549,0.029411764705882353,0.03431372549019608,0.0196078431372549,0.014705882352941176,0.024509803921568627,0.014705882352941176,0.014705882352941176,0.024509803921568627,0.0196078431372549,0.00980392156862745,0.024509803921568627,0.0196078431372549,0.0196078431372549,0.004901960784313725,0.014705882352941176,0.00980392156862745,0.00980392156862745,0.03431372549019608,0.014705882352941176,0.029411764705882353,0.00980392156862745,0.0196078431372549,0.029411764705882353,0.014705882352941176,0.029411764705882353,0.0196078431372549,0.00980392156862745,0.04411764705882353,0.00980392156862745,0.00980392156862745,0.014705882352941176,0.029411764705882353,0.00980392156862745,0.0196078431372549,0.004901960784313725,0.014705882352941176,0.004901960784313725,0.029411764705882353,0.00980392156862745,0.00980392156862745,0.004901960784313725,0.029411764705882353,0.024509803921568627,0.014705882352941176,0.0196078431372549,0.00980392156862745,0.004901960784313725,0.014705882352941176,0.00980392156862745,0.004901960784313725,0.00980392156862745,0.00980392156862745,0.03431372549019608,0.004901960784313725,0.029411764705882353,0.004901960784313725,0.014705882352941176,0.004901960784313725,0.014705882352941176,0.024509803921568627,0.014705882352941176,0.00980392156862745,0.029411764705882353,0.004901960784313725,0.0196078431372549,0.00980392156862745,0.029411764705882353,0.014705882352941176,0.004901960784313725,0.029411764705882353,0.00980392156862745,0.014705882352941176,0.004901960784313725,0.014705882352941176,0.0196078431372549,0.014705882352941176,0.00980392156862745,0.014705882352941176,0.014705882352941176,0.004901960784313725,0.0196078431372549,0.00980392156862745,0.014705882352941176,0.024509803921568627,0.0196078431372549,0.0392156862745098,0.00980392156862745,0.04411764705882353,0.029411764705882353,0.0196078431372549,0.0196078431372549,0.004901960784313725,0.014705882352941176,0.00980392156862745,0.0196078431372549,0.024509803921568627,0.00980392156862745,0.029411764705882353,0.004901960784313725,0.0196078431372549,0.004901960784313725,0.0196078431372549,0.024509803921568627,0.014705882352941176,0.004901960784313725,0.004901960784313725,0.00980392156862745,0.004901960784313725,0.004901960784313725,0.0196078431372549,0.024509803921568627,0.00980392156862745,0.014705882352941176,0.0196078431372549,0.00980392156862745,0.014705882352941176,0.014705882352941176,0.0196078431372549,0.00980392156862745,0.00980392156862745,0.004901960784313725,0.004901960784313725,0.004901960784313725,0.004901960784313725,0.004901960784313725
2,0.0196078431372549,0.0196078431372549,0.014705882352941176,0.0196078431372549,0.024509803921568627,0.049019607843137254,0.004901960784313725,0.00980392156862745,0.029411764705882353,0.014705882352941176,0.05392156862745098,0.029411764705882353,0.024509803921568627,0.014705882352941176,0.014705882352941176,0.00980392156862745,0.0196078431372549,0.014705882352941176,0.00980392156862745,0.014705882352941176,0.029411764705882353,0.00980392156862745,0.00980392156862745,0.004901960784313725,0.004901960784313725,0.014705882352941176,0.0196078431372549,0.029411764705882353,0.0392156862745098,0.04411764705882353,0.024509803921568627,0.03431372549019608,0.00980392156862745,0.014705882352941176,0.024509803921568627,0.014705882352941176,0.00980392156862745,0.0196078431372549,0.00980392156862745,0.05392156862745098,0.024509803921568627,0.0,0.058823529411764705,0.0392156862745098,0.029411764705882353,0.0784313725490196,0.03431372549019608,0.0196078431372549,0.0196078431372549,0.03431372549019608,0.0196078431372549,0.014705882352941176,0.0784313725490196,0.05392156862745098,0.029411764705882353,0.024509803921568627,0.00980392156862745,0.06372549019607843,0.06862745098039216,0.04411764705882353,0.04411764705882353,0.024509803921568627,0.004901960784313725,0.03431372549019608,0.05392156862745098,0.00980392156862745,0.029411764705882353,0.06372549019607843,0.0392156862745098,0.029411764705882353,0.04411764705882353,0.058823529411764705,0.03431372549019608,0.024509803921568627,0.049019607843137254,0.029411764705882353,0.05392156862745098,0.0392156862745098,0.04411764705882353,0.0392156862745098,0.058823529411764705,0.06372549019607843,0.049019607843137254,0.04411764705882353,0.0392156862745098,0.058823529411764705,0.049019607843137254,0.029411764705882353,0.0196078431372549,0.05392156862745098,0.024509803921568627,0.0392156862745098,0.0196078431372549,0.029411764705882353,0.014705882352941176,0.0196078431372549,0.0392156862745098,0.05392156862745098,0.06862745098039216,0.03431372549019608,0.029411764705882353,0.06862745098039216,0.049019607843137254,0.0392156862745098,0.049019607843137254,0.0392156862745098,0.058823529411764705,0.0392156862745098,0.029411764705882353,0.024509803921568627,0.08823529411764706,0.029411764705882353,0.03431372549019608,0.004901960784313725,0.024509803921568627,0.00980392156862745,0.058823529411764705,0.0196078431372549,0.0196078431372549,0.024509803921568627,0.049019607843137254,0.0392156862745098,0.03431372549019608,0.049019607843137254,0.049019607843137254,0.014705882352941176,0.0196078431372549,0.0196078431372549,0.00980392156862745,0.00980392156862745,0.004901960784313725,0.04411764705882353,0.004901960784313725,0.05392156862745098,0.0196078431372549,0.0196078431372549,0.014705882352941176,0.024509803921568627,0.0392156862745098,0.03431372549019608,0.024509803921568627,0.049019607843137254,0.024509803921568627,0.029411764705882353,0.024509803921568627,0.058823529411764705,0.0196078431372549,0.00980392156862745,0.0196078431372549,0.03431372549019608,0.014705882352941176,0.00980392156862745,0.0196078431372549,0.00980392156862745,0.014705882352941176,0.00980392156862745,0.00980392156862745,0.024509803921568627,0.014705882352941176,0.0196078431372549,0.014705882352941176,0.05392156862745098,0.024509803921568627,0.09313725490196079,0.0392156862745098,0.03431372549019608,0.058823529411764705,0.058823529411764705,0.05392156862745098,0.0196078431372549,0.014705882352941176,0.0196078431372549,0.00980392156862745,0.029411764705882353,0.0392156862745098,0.024509803921568627,0.014705882352941176,0.0196078431372549,0.014705882352941176,0.014705882352941176,0.024509803921568627,0.04411764705882353,0.049019607843137254,0.0,0.0,0.004901960784313725,0.004901960784313725,0.00980392156862745,0.0196078431372549,0.03431372549019608,0.0196078431372549,0.024509803921568627,0.014705882352941176,0.0196078431372549,0.0196078431372549,0.0196078431372549,0.029411764705882353,0.00980392156862745,0.024509803921568627,0.0,0.0,0.0,0.0,0.0
3,0.029411764705882353,0.0196078431372549,0.0196078431372549,0.029411764705882353,0.03431372549019608,0.049019607843137254,0.00980392156862745,0.014705882352941176,0.049019607843137254,0.029411764705882353,0.04411764705882353,0.0196078431372549,0.029411764705882353,0.029411764705882353,0.029411764705882353,0.00980392156862745,0.014705882352941176,0.00980392156862745,0.014705882352941176,0.00980392156862745,0.0196078431372549,0.029411764705882353,0.004901960784313725,0.0,0.004901960784313725,0.014705882352941176,0.024509803921568627,0.049019607843137254,0.04411764705882353,0.07352941176470588,0.05392156862745098,0.024509803921568627,0.024509803921568627,0.0196078431372549,0.014705882352941176,0.024509803921568627,0.014705882352941176,0.014705882352941176,0.024509803921568627,0.07352941176470588,0.049019607843137254,0.0,0.04411764705882353,0.03431372549019608,0.0392156862745098,0.0784313725490196,0.09803921568627451,0.0784313725490196,0.0196078431372549,0.06372549019607843,0.03431372549019608,0.0784313725490196,0.08333333333333333,0.07352941176470588,0.06372549019607843,0.04411764705882353,0.029411764705882353,0.08823529411764706,0.09803921568627451,0.06862745098039216,0.05392156862745098,0.05392156862745098,0.024509803921568627,0.03431372549019608,0.09313725490196079,0.024509803921568627,0.08333333333333333,0.10784313725490197,0.03431372549019608,0.024509803921568627,0.10784313725490197,0.058823529411764705,0.08333333333333333,0.04411764705882353,0.06862745098039216,0.05392156862745098,0.058823529411764705,0.058823529411764705,0.0784313725490196,0.03431372549019608,0.058823529411764705,0.05392156862745098,0.06372549019607843,0.05392156862745098,0.08823529411764706,0.05392156862745098,0.058823529411764705,0.05392156862745098,0.05392156862745098,0.058823529411764705,0.0392156862745098,0.058823529411764705,0.03431372549019608,0.049019607843137254,0.06372549019607843,0.014705882352941176,0.058823529411764705,0.0392156862745098,0.07352941176470588,0.06372549019607843,0.06372549019607843,0.058823529411764705,0.08333333333333333,0.0392156862745098,0.049019607843137254,0.058823529411764705,0.06372549019607843,0.058823529411764705,0.06372549019607843,0.024509803921568627,0.049019607843137254,0.08333333333333333,0.014705882352941176,0.024509803921568627,0.07352941176470588,0.024509803921568627,0.049019607843137254,0.058823529411764705,0.058823529411764705,0.049019607843137254,0.049019607843137254,0.04411764705882353,0.0392156862745098,0.049019607843137254,0.05392156862745098,0.029411764705882353,0.00980392156862745,0.029411764705882353,0.014705882352941176,0.014705882352941176,0.024509803921568627,0.058823529411764705,0.0196078431372549,0.04411764705882353,0.03431372549019608,0.03431372549019608,0.014705882352941176,0.029411764705882353,0.06372549019607843,0.04411764705882353,0.04411764705882353,0.03431372549019608,0.049019607843137254,0.029411764705882353,0.05392156862745098,0.029411764705882353,0.04411764705882353,0.0196078431372549,0.06372549019607843,0.0196078431372549,0.029411764705882353,0.014705882352941176,0.024509803921568627,0.004901960784313725,0.0196078431372549,0.00980392156862745,0.00980392156862745,0.07352941176470588,0.0196078431372549,0.00980392156862745,0.06862745098039216,0.03431372549019608,0.014705882352941176,0.058823529411764705,0.049019607843137254,0.03431372549019608,0.03431372549019608,0.0392156862745098,0.04411764705882353,0.04411764705882353,0.0196078431372549,0.0196078431372549,0.014705882352941176,0.024509803921568627,0.024509803921568627,0.00980392156862745,0.0,0.0392156862745098,0.00980392156862745,0.014705882352941176,0.029411764705882353,0.0392156862745098,0.03431372549019608,0.0,0.0,0.0,0.004901960784313725,0.004901960784313725,0.0196078431372549,0.0196078431372549,0.029411764705882353,0.014705882352941176,0.024509803921568627,0.014705882352941176,0.03431372549019608,0.024509803921568627,0.014705882352941176,0.014705882352941176,0.014705882352941176,0.0,0.0,0.0,0.0,0.0
4,0.0392156862745098,0.029411764705882353,0.029411764705882353,0.04411764705882353,0.0392156862745098,0.0196078431372549,0.014705882352941176,0.029411764705882353,0.049019607843137254,0.049019607843137254,0.04411764705882353,0.024509803921568627,0.0196078431372549,0.024509803921568627,0.0196078431372549,0.014705882352941176,0.03431372549019608,0.014705882352941176,0.0196078431372549,0.014705882352941176,0.014705882352941176,0.0196078431372549,0.00980392156862745,0.0,0.0,0.03431372549019608,0.049019607843137254,0.05392156862745098,0.049019607843137254,0.058823529411764705,0.07352941176470588,0.04411764705882353,0.024509803921568627,0.0196078431372549,0.00980392156862745,0.014705882352941176,0.014705882352941176,0.029411764705882353,0.0392156862745098,0.07352941176470588,0.06862745098039216,0.0,0.058823529411764705,0.05392156862745098,0.03431372549019608,0.0784313725490196,0.10294117647058823,0.0784313725490196,0.0392156862745098,0.0784313725490196,0.09803921568627451,0.09803921568627451,0.12254901960784313,0.05392156862745098,0.0784313725490196,0.07352941176470588,0.04411764705882353,0.10784313725490197,0.10294117647058823,0.05392156862745098,0.058823529411764705,0.07352941176470588,0.03431372549019608,0.09313725490196079,0.0784313725490196,0.03431372549019608,0.04411764705882353,0.0784313725490196,0.0784313725490196,0.024509803921568627,0.0784313725490196,0.07352941176470588,0.09803921568627451,0.058823529411764705,0.09803921568627451,0.04411764705882353,0.06862745098039216,0.08333333333333333,0.0392156862745098,0.058823529411764705,0.058823529411764705,0.04411764705882353,0.05392156862745098,0.05392156862745098,0.06372549019607843,0.06862745098039216,0.058823529411764705,0.06862745098039216,0.058823529411764705,0.03431372549019608,0.05392156862745098,0.05392156862745098,0.04411764705882353,0.049019607843137254,0.04411764705882353,0.049019607843137254,0.0392156862745098,0.03431372549019608,0.03431372549019608,0.06372549019607843,0.05392156862745098,0.029411764705882353,0.0392156862745098,0.0392156862745098,0.04411764705882353,0.058823529411764705,0.049019607843137254,0.058823529411764705,0.05392156862745098,0.05392156862745098,0.029411764705882353,0.04411764705882353,0.0392156862745098,0.024509803921568627,0.04411764705882353,0.049019607843137254,0.029411764705882353,0.049019607843137254,0.049019607843137254,0.049019607843137254,0.05392156862745098,0.024509803921568627,0.03431372549019608,0.03431372549019608,0.0392156862745098,0.0392156862745098,0.014705882352941176,0.014705882352941176,0.029411764705882353,0.0392156862745098,0.0392156862745098,0.07352941176470588,0.03431372549019608,0.029411764705882353,0.029411764705882353,0.0392156862745098,0.0196078431372549,0.03431372549019608,0.04411764705882353,0.08333333333333333,0.06862745098039216,0.05392156862745098,0.03431372549019608,0.049019607843137254,0.029411764705882353,0.049019607843137254,0.024509803921568627,0.04411764705882353,0.049019607843137254,0.058823529411764705,0.024509803921568627,0.029411764705882353,0.014705882352941176,0.014705882352941176,0.06862745098039216,0.004901960784313725,0.014705882352941176,0.058823529411764705,0.00980392156862745,0.014705882352941176,0.0392156862745098,0.0392156862745098,0.04411764705882353,0.029411764705882353,0.029411764705882353,0.049019607843137254,0.014705882352941176,0.029411764705882353,0.029411764705882353,0.0392156862745098,0.04411764705882353,0.029411764705882353,0.0196078431372549,0.014705882352941176,0.00980392156862745,0.0,0.0,0.024509803921568627,0.0,0.00980392156862745,0.03431372549019608,0.00980392156862745,0.014705882352941176,0.0,0.0,0.0,0.0,0.0,0.0196078431372549,0.00980392156862745,0.0196078431372549,0.014705882352941176,0.0196078431372549,0.024509803921568627,0.004901960784313725,0.014705882352941176,0.0196078431372549,0.0196078431372549,0.014705882352941176,0.0,0.0,0.0,0.0,0.0
5,0.0392156862745098,0.0392156862745098,0.0392156862745098,0.029411764705882353,0.0196078431372549,0.03431372549019608,0.029411764705882353,0.03431372549019608,0.04411764705882353,0.049019607843137254,0.03431372549019608,0.014705882352941176,0.029411764705882353,0.00980392156862745,0.014705882352941176,0.03431372549019608,0.029411764705882353,0.03431372549019608,0.014705882352941176,0.0196078431372549,0.024509803921568627,0.014705882352941176,0.014705882352941176,0.0,0.0,0.049019607843137254,0.05392156862745098,0.06372549019607843,0.0784313725490196,0.08823529411764706,0.049019607843137254,0.06862745098039216,0.04411764705882353,0.00980392156862745,0.014705882352941176,0.0196078431372549,0.024509803921568627,0.0392156862745098,0.06862745098039216,0.0784313725490196,0.07352941176470588,0.0,0.0196078431372549,0.06862745098039216,0.05392156862745098,0.08333333333333333,0.08823529411764706,0.0784313725490196,0.04411764705882353,0.07352941176470588,0.10784313725490197,0.11764705882352941,0.08823529411764706,0.05392156862745098,0.0392156862745098,0.05392156862745098,0.06372549019607843,0.08823529411764706,0.06862745098039216,0.04411764705882353,0.0784313725490196,0.04411764705882353,0.09313725490196079,0.0784313725490196,0.08823529411764706,0.09313725490196079,0.03431372549019608,0.08823529411764706,0.06372549019607843,0.0784313725490196,0.08333333333333333,0.08333333333333333,0.058823529411764705,0.09313725490196079,0.06372549019607843,0.06372549019607843,0.0784313725490196,0.06862745098039216,0.0392156862745098,0.024509803921568627,0.06862745098039216,0.0392156862745098,0.0392156862745098,0.04411764705882353,0.08333333333333333,0.0784313725490196,0.0784313725490196,0.049019607843137254,0.06862745098039216,0.04411764705882353,0.03431372549019608,0.04411764705882353,0.05392156862745098,0.04411764705882353,0.03431372549019608,0.0392156862745098,0.029411764705882353,0.029411764705882353,0.0196078431372549,0.03431372549019608,0.0196078431372549,0.0196078431372549,0.0196078431372549,0.049019607843137254,0.05392156862745098,0.049019607843137254,0.029411764705882353,0.049019607843137254,0.0392156862745098,0.0392156862745098,0.03431372549019608,0.029411764705882353,0.05392156862745098,0.05392156862745098,0.029411764705882353,0.049019607843137254,0.024509803921568627,0.029411764705882353,0.029411764705882353,0.05392156862745098,0.06372549019607843,0.024509803921568627,0.014705882352941176,0.05392156862745098,0.058823529411764705,0.058823529411764705,0.014705882352941176,0.0196078431372549,0.029411764705882353,0.03431372549019608,0.058823529411764705,0.029411764705882353,0.04411764705882353,0.049019607843137254,0.024509803921568627,0.024509803921568627,0.03431372549019608,0.058823529411764705,0.06372549019607843,0.03431372549019608,0.049019607843137254,0.024509803921568627,0.05392156862745098,0.024509803921568627,0.049019607843137254,0.0392156862745098,0.049019607843137254,0.024509803921568627,0.029411764705882353,0.04411764705882353,0.04411764705882353,0.024509803921568627,0.04411764705882353,0.06862745098039216,0.05392156862745098,0.014705882352941176,0.06862745098039216,0.029411764705882353,0.014705882352941176,0.029411764705882353,0.024509803921568627,0.014705882352941176,0.04411764705882353,0.004901960784313725,0.0196078431372549,0.029411764705882353,0.00980392156862745,0.004901960784313725,0.014705882352941176,0.0196078431372549,0.0392156862745098,0.00980392156862745,0.029411764705882353,0.00980392156862745,0.0,0.0,0.0,0.00980392156862745,0.0,0.0,0.00980392156862745,0.0,0.014705882352941176,0.0,0.0,0.0,0.0,0.0,0.00980392156862745,0.004901960784313725,0.00980392156862745,0.00980392156862745,0.004901960784313725,0.00980392156862745,0.00980392156862745,0.00980392156862745,0.0,0.014705882352941176,0.004901960784313725,0.0,0.0,0.0,0.0,0.0
6,0.029411764705882353,0.0392156862745098,0.0392156862745098,0.024509803921568627,0.03431372549019608,0.03431372549019608,0.03431372549019608,0.029411764705882353,0.04411764705882353,0.04411764705882353,0.0392156862745098,0.029411764705882353,0.03431372549019608,0.029411764705882353,0.029411764705882353,0.029411764705882353,0.024509803921568627,0.029411764705882353,0.024509803921568627,0.014705882352941176,0.0392156862745098,0.024509803921568627,0.03431372549019608,0.0,0.0,0.06862745098039216,0.06372549019607843,0.0784313725490196,0.08333333333333333,0.058823529411764705,0.08333333333333333,0.04411764705882353,0.06862745098039216,0.014705882352941176,0.029411764705882353,0.029411764705882353,0.0392156862745098,0.058823529411764705,0.07352941176470588,0.0784313725490196,0.0784313725490196,0.0,0.05392156862745098,0.07352941176470588,0.06862745098039216,0.058823529411764705,0.07352941176470588,0.08333333333333333,0.05392156862745098,0.06372549019607843,0.08823529411764706,0.06862745098039216,0.049019607843137254,0.014705882352941176,0.06862745098039216,0.03431372549019608,0.049019607843137254,0.04411764705882353,0.05392156862745098,0.049019607843137254,0.06862745098039216,0.07352941176470588,0.0784313725490196,0.08823529411764706,0.04411764705882353,0.0784313725490196,0.0392156862745098,0.0392156862745098,0.08333333333333333,0.06372549019607843,0.029411764705882353,0.049019607843137254,0.0392156862745098,0.06372549019607843,0.029411764705882353,0.06862745098039216,0.04411764705882353,0.0392156862745098,0.058823529411764705,0.03431372549019608,0.03431372549019608,0.058823529411764705,0.058823529411764705,0.058823529411764705,0.03431372549019608,0.0392156862745098,0.04411764705882353,0.058823529411764705,0.06862745098039216,0.06372549019607843,0.04411764705882353,0.06372549019607843,0.06372549019607843,0.03431372549019608,0.029411764705882353,0.03431372549019608,0.024509803921568627,0.029411764705882353,0.0196078431372549,0.0196078431372549,0.0196078431372549,0.0196078431372549,0.0196078431372549,0.029411764705882353,0.029411764705882353,0.029411764705882353,0.0196078431372549,0.029411764705882353,0.024509803921568627,0.029411764705882353,0.05392156862745098,0.03431372549019608,0.029411764705882353,0.0392156862745098,0.03431372549019608,0.029411764705882353,0.029411764705882353,0.024509803921568627,0.024509803921568627,0.06372549019607843,0.024509803921568627,0.049019607843137254,0.0196078431372549,0.024509803921568627,0.024509803921568627,0.07352941176470588,0.0196078431372549,0.024509803921568627,0.0392156862745098,0.04411764705882353,0.07352941176470588,0.049019607843137254,0.024509803921568627,0.024509803921568627,0.0196078431372549,0.024509803921568627,0.029411764705882353,0.04411764705882353,0.058823529411764705,0.049019607843137254,0.05392156862745098,0.049019607843137254,0.024509803921568627,0.049019607843137254,0.0392156862745098,0.04411764705882353,0.0392156862745098,0.049019607843137254,0.014705882352941176,0.024509803921568627,0.03431372549019608,0.04411764705882353,0.04411764705882353,0.05392156862745098,0.029411764705882353,0.06862745098039216,0.05392156862745098,0.004901960784313725,0.029411764705882353,0.014705882352941176,0.004901960784313725,0.004901960784313725,0.0196078431372549,0.0,0.004901960784313725,0.0196078431372549,0.0,0.0,0.0,0.004901960784313725,0.0196078431372549,0.0,0.00980392156862745,0.0,0.0,0.0,0.0,0.0,0.0,0.0,0.0,0.0,0.004901960784313725,0.0,0.0,0.0,0.0,0.0,0.004901960784313725,0.0,0.004901960784313725,0.004901960784313725,0.0,0.004901960784313725,0.0,0.0,0.0,0.0,0.0,0.0,0.0,0.0,0.0,0.0
7,0.03431372549019608,0.029411764705882353,0.029411764705882353,0.03431372549019608,0.03431372549019608,0.0392156862745098,0.029411764705882353,0.049019607843137254,0.06862745098039216,0.04411764705882353,0.0392156862745098,0.04411764705882353,0.024509803921568627,0.03431372549019608,0.03431372549019608,0.024509803921568627,0.03431372549019608,0.024509803921568627,0.0392156862745098,0.024509803921568627,0.058823529411764705,0.0392156862745098,0.049019607843137254,0.0,0.0,0.049019607843137254,0.0784313725490196,0.06862745098039216,0.08823529411764706,0.07352941176470588,0.05392156862745098,0.07352941176470588,0.04411764705882353,0.029411764705882353,0.05392156862745098,0.05392156862745098,0.058823529411764705,0.06372549019607843,0.0784313725490196,0.058823529411764705,0.0784313725490196,0.0,0.05392156862745098,0.0784313725490196,0.07352941176470588,0.029411764705882353,0.024509803921568627,0.058823529411764705,0.0784313725490196,0.058823529411764705,0.058823529411764705,0.04411764705882353,0.0196078431372549,0.04411764705882353,0.03431372549019608,0.04411764705882353,0.03431372549019608,0.04411764705882353,0.0196078431372549,0.0392156862745098,0.05392156862745098,0.0392156862745098,0.08823529411764706,0.04411764705882353,0.0392156862745098,0.08823529411764706,0.058823529411764705,0.024509803921568627,0.03431372549019608,0.08333333333333333,0.0196078431372549,0.029411764705882353,0.029411764705882353,0.029411764705882353,0.03431372549019608,0.0392156862745098,0.0196078431372549,0.029411764705882353,0.03431372549019608,0.058823529411764705,0.0196078431372549,0.03431372549019608,0.03431372549019608,0.03431372549019608,0.0196078431372549,0.0196078431372549,0.0196078431372549,0.03431372549019608,0.03431372549019608,0.03431372549019608,0.06372549019607843,0.03431372549019608,0.058823529411764705,0.058823529411764705,0.029411764705882353,0.029411764705882353,0.0196078431372549,0.024509803921568627,0.0196078431372549,0.0196078431372549,0.0196078431372549,0.0196078431372549,0.0196078431372549,0.0196078431372549,0.0196078431372549,0.0196078431372549,0.029411764705882353,0.0196078431372549,0.0196078431372549,0.03431372549019608,0.024509803921568627,0.05392156862745098,0.0196078431372549,0.029411764705882353,0.05392156862745098,0.024509803921568627,0.05392156862745098,0.029411764705882353,0.029411764705882353,0.024509803921568627,0.049019607843137254,0.024509803921568627,0.049019607843137254,0.049019607843137254,0.049019607843137254,0.029411764705882353,0.024509803921568627,0.0196078431372549,0.07352941176470588,0.05392156862745098,0.029411764705882353,0.0392156862745098,0.024509803921568627,0.049019607843137254,0.024509803921568627,0.049019607843137254,0.049019607843137254,0.05392156862745098,0.04411764705882353,0.0392156862745098,0.0392156862745098,0.0392156862745098,0.049019607843137254,0.0392156862745098,0.04411764705882353,0.014705882352941176,0.04411764705882353,0.0392156862745098,0.024509803921568627,0.014705882352941176,0.0196078431372549,0.03431372549019608,0.0196078431372549,0.029411764705882353,0.004901960784313725,0.05392156862745098,0.029411764705882353,0.0,0.014705882352941176,0.0392156862745098,0.0,0.0,0.004901960784313725,0.0,0.0,0.004901960784313725,0.0,0.0,0.0,0.0,0.004901960784313725,0.0,0.0,0.0,0.0,0.0,0.0,0.0,0.0,0.0,0.0,0.0,0.0,0.0,0.0,0.0,0.0,0.0,0.0,0.0,0.0,0.0,0.0,0.0,0.0,0.0,0.0,0.0,0.0,0.0,0.0,0.0,0.0,0.0
8,0.0392156862745098,0.03431372549019608,0.03431372549019608,0.03431372549019608,0.0392156862745098,0.0392156862745098,0.049019607843137254,0.029411764705882353,0.04411764705882353,0.06862745098039216,0.08823529411764706,0.05392156862745098,0.04411764705882353,0.024509803921568627,0.03431372549019608,0.03431372549019608,0.03431372549019608,0.03431372549019608,0.058823529411764705,0.0392156862745098,0.06372549019607843,0.058823529411764705,0.06862745098039216,0.0,0.0,0.0784313725490196,0.06862745098039216,0.06372549019607843,0.07352941176470588,0.05392156862745098,0.06372549019607843,0.049019607843137254,0.07352941176470588,0.05392156862745098,0.06372549019607843,0.06372549019607843,0.06372549019607843,0.07352941176470588,0.0784313725490196,0.029411764705882353,0.058823529411764705,0.0,0.06372549019607843,0.058823529411764705,0.0784313725490196,0.0196078431372549,0.0196078431372549,0.029411764705882353,0.06862745098039216,0.029411764705882353,0.024509803921568627,0.0196078431372549,0.0196078431372549,0.03431372549019608,0.05392156862745098,0.0392156862745098,0.04411764705882353,0.0196078431372549,0.0196078431372549,0.05392156862745098,0.029411764705882353,0.05392156862745098,0.04411764705882353,0.0392156862745098,0.024509803921568627,0.04411764705882353,0.03431372549019608,0.0196078431372549,0.0196078431372549,0.03431372549019608,0.0196078431372549,0.024509803921568627,0.029411764705882353,0.03431372549019608,0.024509803921568627,0.0196078431372549,0.0196078431372549,0.0196078431372549,0.0196078431372549,0.03431372549019608,0.0196078431372549,0.0196078431372549,0.0196078431372549,0.0196078431372549,0.0196078431372549,0.0196078431372549,0.0196078431372549,0.0196078431372549,0.0196078431372549,0.0196078431372549,0.03431372549019608,0.0196078431372549,0.03431372549019608,0.03431372549019608,0.024509803921568627,0.029411764705882353,0.0196078431372549,0.0196078431372549,0.029411764705882353,0.0196078431372549,0.0196078431372549,0.0196078431372549,0.0196078431372549,0.0196078431372549,0.029411764705882353,0.029411764705882353,0.05392156862745098,0.029411764705882353,0.0196078431372549,0.05392156862745098,0.049019607843137254,0.024509803921568627,0.029411764705882353,0.03431372549019608,0.024509803921568627,0.029411764705882353,0.024509803921568627,0.05392156862745098,0.05392156862745098,0.049019607843137254,0.0392156862745098,0.049019607843137254,0.024509803921568627,0.0392156862745098,0.0392156862745098,0.049019607843137254,0.0196078431372549,0.0196078431372549,0.029411764705882353,0.024509803921568627,0.049019607843137254,0.0392156862745098,0.049019607843137254,0.0392156862745098,0.049019607843137254,0.024509803921568627,0.024509803921568627,0.0392156862745098,0.00980392156862745,0.0392156862745098,0.0392156862745098,0.0392156862745098,0.0392156862745098,0.0392156862745098,0.014705882352941176,0.0,0.014705882352941176,0.04411764705882353,0.00980392156862745,0.024509803921568627,0.004901960784313725,0.0196078431372549,0.004901960784313725,0.004901960784313725,0.0,0.029411764705882353,0.004901960784313725,0.0,0.0392156862745098,0.04411764705882353,0.0,0.0,0.0,0.0,0.0,0.0,0.0,0.0,0.0,0.0,0.0,0.0,0.0,0.0,0.0,0.0,0.0,0.0,0.0,0.0,0.0,0.0,0.0,0.0,0.0,0.0,0.0,0.0,0.0,0.0,0.0,0.0,0.0,0.0,0.0,0.0,0.0,0.0,0.0,0.0,0.0,0.0,0.0,0.0
9,0.029411764705882353,0.0392156862745098,0.0392156862745098,0.049019607843137254,0.0392156862745098,0.08823529411764706,0.029411764705882353,0.0392156862745098,0.07352941176470588,0.04411764705882353,0.0784313725490196,0.049019607843137254,0.06372549019607843,0.04411764705882353,0.06372549019607843,0.03431372549019608,0.049019607843137254,0.03431372549019608,0.06372549019607843,0.058823529411764705,0.07352941176470588,0.06372549019607843,0.049019607843137254,0.0,0.0,0.049019607843137254,0.06372549019607843,0.049019607843137254,0.024509803921568627,0.024509803921568627,0.049019607843137254,0.06372549019607843,0.049019607843137254,0.06372549019607843,0.07352941176470588,0.07352941176470588,0.07352941176470588,0.0784313725490196,0.058823529411764705,0.0196078431372549,0.029411764705882353,0.0,0.049019607843137254,0.029411764705882353,0.058823529411764705,0.0196078431372549,0.0196078431372549,0.0196078431372549,0.05392156862745098,0.0196078431372549,0.0196078431372549,0.0196078431372549,0.0196078431372549,0.05392156862745098,0.029411764705882353,0.05392156862745098,0.0392156862745098,0.0196078431372549,0.029411764705882353,0.029411764705882353,0.0196078431372549,0.029411764705882353,0.0392156862745098,0.024509803921568627,0.0196078431372549,0.0392156862745098,0.0196078431372549,0.0196078431372549,0.0196078431372549,0.0196078431372549,0.0196078431372549,0.0196078431372549,0.024509803921568627,0.024509803921568627,0.0196078431372549,0.0196078431372549,0.0196078431372549,0.0196078431372549,0.0196078431372549,0.0196078431372549,0.0196078431372549,0.0196078431372549,0.0196078431372549,0.0196078431372549,0.0196078431372549,0.0196078431372549,0.0196078431372549,0.0196078431372549,0.0196078431372549,0.0196078431372549,0.0196078431372549,0.0196078431372549,0.0196078431372549,0.0196078431372549,0.0196078431372549,0.024509803921568627,0.029411764705882353,0.0196078431372549,0.05392156862745098,0.029411764705882353,0.0196078431372549,0.029411764705882353,0.029411764705882353,0.029411764705882353,0.05392156862745098,0.05392156862745098,0.024509803921568627,0.05392156862745098,0.029411764705882353,0.024509803921568627,0.0392156862745098,0.049019607843137254,0.05392156862745098,0.05392156862745098,0.049019607843137254,0.05392156862745098,0.049019607843137254,0.024509803921568627,0.024509803921568627,0.0392156862745098,0.0392156862745098,0.0392156862745098,0.049019607843137254,0.0392156862745098,0.0392156862745098,0.0392156862745098,0.0196078431372549,0.049019607843137254,0.049019607843137254,0.049019607843137254,0.0392156862745098,0.00980392156862745,0.024509803921568627,0.0392156862745098,0.024509803921568627,0.049019607843137254,0.049019607843137254,0.0392156862745098,0.0,0.00980392156862745,0.00980392156862745,0.00980392156862745,0.0392156862745098,0.00980392156862745,0.0,0.0,0.0,0.014705882352941176,0.0,0.00980392156862745,0.0,0.004901960784313725,0.0,0.0,0.0,0.004901960784313725,0.0,0.0,0.04411764705882353,0.0196078431372549,0.0,0.0,0.0,0.0,0.0,0.0,0.0,0.0,0.0,0.0,0.0,0.0,0.0,0.0,0.0,0.0,0.0,0.0,0.0,0.0,0.0,0.0,0.0,0.0,0.0,0.0,0.0,0.0,0.0,0.0,0.0,0.0,0.0,0.0,0.0,0.0,0.0,0.0,0.0,0.0,0.0,0.0,0.0,0.0
10,0.06862745098039216,0.029411764705882353,0.029411764705882353,0.058823529411764705,0.08823529411764706,0.0784313725490196,0.0392156862745098,0.029411764705882353,0.05392156862745098,0.07352941176470588,0.08333333333333333,0.049019607843137254,0.05392156862745098,0.06372549019607843,0.049019607843137254,0.049019607843137254,0.058823529411764705,0.049019607843137254,0.07352941176470588,0.06372549019607843,0.0784313725490196,0.07352941176470588,0.0784313725490196,0.0,0.0,0.06372549019607843,0.049019607843137254,0.024509803921568627,0.0196078431372549,0.0196078431372549,0.024509803921568627,0.049019607843137254,0.06372549019607843,0.07352941176470588,0.0784313725490196,0.0784313725490196,0.0784313725490196,0.058823529411764705,0.029411764705882353,0.0196078431372549,0.0196078431372549,0.0,0.024509803921568627,0.0196078431372549,0.029411764705882353,0.0196078431372549,0.0196078431372549,0.0196078431372549,0.029411764705882353,0.0196078431372549,0.0196078431372549,0.0196078431372549,0.029411764705882353,0.029411764705882353,0.0196078431372549,0.029411764705882353,0.05392156862745098,0.029411764705882353,0.05392156862745098,0.0196078431372549,0.0196078431372549,0.0196078431372549,0.024509803921568627,0.0196078431372549,0.0196078431372549,0.024509803921568627,0.0196078431372549,0.0196078431372549,0.0196078431372549,0.0196078431372549,0.0196078431372549,0.029411764705882353,0.029411764705882353,0.0196078431372549,0.029411764705882353,0.0196078431372549,0.0196078431372549,0.029411764705882353,0.0196078431372549,0.0196078431372549,0.0196078431372549,0.0196078431372549,0.0196078431372549,0.0196078431372549,0.0196078431372549,0.0196078431372549,0.0196078431372549,0.0196078431372549,0.0196078431372549,0.0196078431372549,0.0196078431372549,0.0196078431372549,0.0196078431372549,0.0196078431372549,0.0196078431372549,0.0196078431372549,0.05392156862745098,0.029411764705882353,0.024509803921568627,0.05392156862745098,0.029411764705882353,0.05392156862745098,0.05392156862745098,0.05392156862745098,0.024509803921568627,0.024509803921568627,0.049019607843137254,0.024509803921568627,0.05392156862745098,0.049019607843137254,0.0392156862745098,0.0392156862745098,0.024509803921568627,0.024509803921568627,0.0392156862745098,0.024509803921568627,0.0392156862745098,0.049019607843137254,0.049019607843137254,0.0392156862745098,0.00980392156862745,0.0392156862745098,0.0392156862745098,0.00980392156862745,0.00980392156862745,0.0392156862745098,0.049019607843137254,0.024509803921568627,0.0392156862745098,0.0392156862745098,0.0392156862745098,0.0,0.049019607843137254,0.00980392156862745,0.049019607843137254,0.0392156862745098,0.0392156862745098,0.00980392156862745,0.0,0.0,0.0,0.0,0.00980392156862745,0.0,0.0,0.0,0.0,0.0,0.0,0.0,0.0,0.0,0.0,0.0,0.0,0.0,0.0,0.0,0.0196078431372549,0.004901960784313725,0.0,0.0,0.0,0.0,0.0,0.0,0.0,0.0,0.0,0.0,0.0,0.0,0.0,0.0,0.0,0.0,0.0,0.0,0.0,0.0,0.0,0.0,0.0,0.0,0.0,0.0,0.0,0.0,0.0,0.0,0.0,0.0,0.0,0.0,0.0,0.0,0.0,0.0,0.0,0.0,0.0,0.0,0.0,0.0
11,0.09313725490196079,0.06862745098039216,0.06862745098039216,0.07352941176470588,0.0784313725490196,0.08333333333333333,0.029411764705882353,0.058823529411764705,0.058823529411764705,0.05392156862745098,0.029411764705882353,0.029411764705882353,0.04411764705882353,0.05392156862745098,0.05392156862745098,0.058823529411764705,0.07352941176470588,0.058823529411764705,0.0784313725490196,0.07352941176470588,0.058823529411764705,0.0784313725490196,0.049019607843137254,0.0,0.0,0.049019607843137254,0.024509803921568627,0.0196078431372549,0.0196078431372549,0.0196078431372549,0.0196078431372549,0.024509803921568627,0.049019607843137254,0.0784313725490196,0.058823529411764705,0.058823529411764705,0.058823529411764705,0.029411764705882353,0.0196078431372549,0.0196078431372549,0.0196078431372549,0.0,0.0196078431372549,0.0196078431372549,0.0196078431372549,0.0196078431372549,0.029411764705882353,0.0196078431372549,0.0196078431372549,0.0196078431372549,0.0196078431372549,0.029411764705882353,0.05392156862745098,0.0196078431372549,0.0196078431372549,0.0196078431372549,0.029411764705882353,0.05392156862745098,0.024509803921568627,0.0196078431372549,0.0196078431372549,0.0196078431372549,0.0196078431372549,0.0196078431372549,0.029411764705882353,0.0196078431372549,0.0196078431372549,0.029411764705882353,0.0196078431372549,0.0196078431372549,0.029411764705882353,0.05392156862745098,0.05392156862745098,0.029411764705882353,0.05392156862745098,0.0196078431372549,0.029411764705882353,0.05392156862745098,0.0196078431372549,0.0196078431372549,0.029411764705882353,0.0196078431372549,0.0196078431372549,0.0196078431372549,0.029411764705882353,0.029411764705882353,0.029411764705882353,0.0196078431372549,0.0196078431372549,0.0196078431372549,0.0196078431372549,0.0196078431372549,0.0196078431372549,0.0196078431372549,0.029411764705882353,0.0196078431372549,0.024509803921568627,0.05392156862745098,0.049019607843137254,0.024509803921568627,0.05392156862745098,0.024509803921568627,0.024509803921568627,0.024509803921568627,0.049019607843137254,0.049019607843137254,0.0392156862745098,0.049019607843137254,0.024509803921568627,0.0392156862745098,0.00980392156862745,0.0392156862745098,0.049019607843137254,0.049019607843137254,0.0392156862745098,0.049019607843137254,0.0392156862745098,0.0392156862745098,0.0392156862745098,0.00980392156862745,0.0,0.00980392156862745,0.0392156862745098,0.0,0.0,0.00980392156862745,0.024509803921568627,0.049019607843137254,0.0392156862745098,0.0392156862745098,0.00980392156862745,0.0,0.0392156862745098,0.0,0.0392156862745098,0.0392156862745098,0.0392156862745098,0.0,0.0,0.0,0.0,0.0,0.0,0.0,0.0,0.0,0.0,0.0,0.0,0.0,0.0,0.0,0.0,0.0,0.0,0.0,0.0,0.0,0.004901960784313725,0.0,0.0,0.0,0.0,0.0,0.0,0.0,0.0,0.0,0.0,0.0,0.0,0.0,0.0,0.0,0.0,0.0,0.0,0.0,0.0,0.0,0.0,0.0,0.0,0.0,0.0,0.0,0.0,0.0,0.0,0.0,0.0,0.0,0.0,0.0,0.0,0.0,0.0,0.0,0.0,0.0,0.0,0.0,0.0,0.0
12,0.08333333333333333,0.09313725490196079,0.09313725490196079,0.0784313725490196,0.08333333333333333,0.029411764705882353,0.058823529411764705,0.07352941176470588,0.029411764705882353,0.058823529411764705,0.0196078431372549,0.0196078431372549,0.049019607843137254,0.04411764705882353,0.0196078431372549,0.07352941176470588,0.0784313725490196,0.07352941176470588,0.058823529411764705,0.0784313725490196,0.029411764705882353,0.058823529411764705,0.06372549019607843,0.0,0.0,0.024509803921568627,0.0196078431372549,0.0196078431372549,0.0196078431372549,0.0196078431372549,0.0196078431372549,0.0196078431372549,0.024509803921568627,0.058823529411764705,0.029411764705882353,0.029411764705882353,0.029411764705882353,0.0196078431372549,0.0196078431372549,0.0196078431372549,0.0196078431372549,0.0,0.0196078431372549,0.0196078431372549,0.0196078431372549,0.029411764705882353,0.05392156862745098,0.0196078431372549,0.0196078431372549,0.0196078431372549,0.029411764705882353,0.05392156862745098,0.024509803921568627,0.0196078431372549,0.0196078431372549,0.0196078431372549,0.0196078431372549,0.024509803921568627,0.049019607843137254,0.0196078431372549,0.0196078431372549,0.0196078431372549,0.0196078431372549,0.029411764705882353,0.05392156862745098,0.0196078431372549,0.0196078431372549,0.05392156862745098,0.029411764705882353,0.0196078431372549,0.05392156862745098,0.024509803921568627,0.024509803921568627,0.05392156862745098,0.024509803921568627,0.029411764705882353,0.05392156862745098,0.024509803921568627,0.029411764705882353,0.0196078431372549,0.05392156862745098,0.029411764705882353,0.029411764705882353,0.029411764705882353,0.05392156862745098,0.05392156862745098,0.05392156862745098,0.029411764705882353,0.029411764705882353,0.029411764705882353,0.0196078431372549,0.029411764705882353,0.0196078431372549,0.0196078431372549,0.05392156862745098,0.029411764705882353,0.049019607843137254,0.024509803921568627,0.0392156862745098,0.049019607843137254,0.024509803921568627,0.049019607843137254,0.049019607843137254,0.049019607843137254,0.0392156862745098,0.0392156862745098,0.0392156862745098,0.0392156862745098,0.049019607843137254,0.0392156862745098,0.0,0.00980392156862745,0.0392156862745098,0.0392156862745098,0.00980392156862745,0.0392156862745098,0.00980392156862745,0.0392156862745098,0.0392156862745098,0.0,0.0,0.0,0.00980392156862745,0.0,0.0,0.0,0.049019607843137254,0.0392156862745098,0.00980392156862745,0.00980392156862745,0.0,0.0,0.0392156862745098,0.0,0.0392156862745098,0.00980392156862745,0.00980392156862745,0.0,0.0,0.0,0.0,0.0,0.0,0.0,0.0,0.0,0.0,0.0,0.0,0.0,0.0,0.0,0.0,0.0,0.0,0.0,0.0,0.0,0.0,0.0,0.0,0.0,0.0,0.0,0.0,0.0,0.0,0.0,0.0,0.0,0.0,0.0,0.0,0.0,0.0,0.0,0.0,0.0,0.0,0.0,0.0,0.0,0.0,0.0,0.0,0.0,0.0,0.0,0.0,0.0,0.0,0.0,0.0,0.0,0.0,0.0,0.0,0.0,0.0,0.0,0.0,0.0,0.0,0.0
13,0.05392156862745098,0.08333333333333333,0.08333333333333333,0.058823529411764705,0.029411764705882353,0.0196078431372549,0.07352941176470588,0.09803921568627451,0.0196078431372549,0.029411764705882353,0.0196078431372549,0.049019607843137254,0.05392156862745098,0.049019607843137254,0.049019607843137254,0.0784313725490196,0.058823529411764705,0.0784313725490196,0.029411764705882353,0.058823529411764705,0.0196078431372549,0.029411764705882353,0.049019607843137254,0.0,0.0,0.0196078431372549,0.0196078431372549,0.0196078431372549,0.029411764705882353,0.029411764705882353,0.0196078431372549,0.0196078431372549,0.0196078431372549,0.029411764705882353,0.0196078431372549,0.0196078431372549,0.0196078431372549,0.0196078431372549,0.0196078431372549,0.029411764705882353,0.0196078431372549,0.0,0.0196078431372549,0.0196078431372549,0.0196078431372549,0.05392156862745098,0.024509803921568627,0.029411764705882353,0.0196078431372549,0.029411764705882353,0.05392156862745098,0.024509803921568627,0.049019607843137254,0.0196078431372549,0.0196078431372549,0.0196078431372549,0.0196078431372549,0.049019607843137254,0.0392156862745098,0.0196078431372549,0.029411764705882353,0.0196078431372549,0.029411764705882353,0.05392156862745098,0.024509803921568627,0.029411764705882353,0.029411764705882353,0.024509803921568627,0.05392156862745098,0.029411764705882353,0.024509803921568627,0.049019607843137254,0.049019607843137254,0.024509803921568627,0.049019607843137254,0.05392156862745098,0.024509803921568627,0.049019607843137254,0.05392156862745098,0.029411764705882353,0.024509803921568627,0.05392156862745098,0.05392156862745098,0.05392156862745098,0.024509803921568627,0.024509803921568627,0.024509803921568627,0.05392156862745098,0.05392156862745098,0.05392156862745098,0.029411764705882353,0.05392156862745098,0.029411764705882353,0.029411764705882353,0.024509803921568627,0.05392156862745098,0.0392156862745098,0.049019607843137254,0.0392156862745098,0.0392156862745098,0.049019607843137254,0.0392156862745098,0.0392156862745098,0.0392156862745098,0.0392156862745098,0.0392156862745098,0.00980392156862745,0.0392156862745098,0.0392156862745098,0.00980392156862745,0.0,0.0,0.0392156862745098,0.0392156862745098,0.0,0.0392156862745098,0.0,0.00980392156862745,0.00980392156862745,0.0,0.0,0.0,0.0,0.0,0.0,0.0,0.0392156862745098,0.0392156862745098,0.0,0.0,0.0,0.0,0.00980392156862745,0.0,0.00980392156862745,0.0,0.0,0.0,0.0,0.0,0.0,0.0,0.0,0.0,0.0,0.0,0.0,0.0,0.0,0.0,0.0,0.0,0.0,0.0,0.0,0.0,0.0,0.0,0.0,0.0,0.0,0.0,0.0,0.0,0.0,0.0,0.0,0.0,0.0,0.0,0.0,0.0,0.0,0.0,0.0,0.0,0.0,0.0,0.0,0.0,0.0,0.0,0.0,0.0,0.0,0.0,0.0,0.0,0.0,0.0,0.0,0.0,0.0,0.0,0.0,0.0,0.0,0.0,0.0,0.0,0.0,0.0,0.0,0.0
14,0.0196078431372549,0.05392156862745098,0.05392156862745098,0.029411764705882353,0.0196078431372549,0.0196078431372549,0.09803921568627451,0.05392156862745098,0.0196078431372549,0.0196078431372549,0.0196078431372549,0.05392156862745098,0.058823529411764705,0.05392156862745098,0.05392156862745098,0.058823529411764705,0.029411764705882353,0.058823529411764705,0.0196078431372549,0.029411764705882353,0.0196078431372549,0.0196078431372549,0.024509803921568627,0.0,0.0,0.0196078431372549,0.0196078431372549,0.029411764705882353,0.05392156862745098,0.05392156862745098,0.029411764705882353,0.0196078431372549,0.0196078431372549,0.0196078431372549,0.0196078431372549,0.0196078431372549,0.0196078431372549,0.0196078431372549,0.0196078431372549,0.05392156862745098,0.029411764705882353,0.0,0.029411764705882353,0.029411764705882353,0.0196078431372549,0.024509803921568627,0.049019607843137254,0.05392156862745098,0.0196078431372549,0.05392156862745098,0.024509803921568627,0.049019607843137254,0.0392156862745098,0.0196078431372549,0.029411764705882353,0.0196078431372549,0.0196078431372549,0.0392156862745098,0.0392156862745098,0.029411764705882353,0.05392156862745098,0.029411764705882353,0.05392156862745098,0.024509803921568627,0.049019607843137254,0.05392156862745098,0.05392156862745098,0.049019607843137254,0.024509803921568627,0.05392156862745098,0.049019607843137254,0.0392156862745098,0.0392156862745098,0.049019607843137254,0.0392156862745098,0.024509803921568627,0.049019607843137254,0.0392156862745098,0.024509803921568627,0.05392156862745098,0.049019607843137254,0.024509803921568627,0.024509803921568627,0.024509803921568627,0.049019607843137254,0.049019607843137254,0.049019607843137254,0.024509803921568627,0.024509803921568627,0.024509803921568627,0.05392156862745098,0.024509803921568627,0.05392156862745098,0.05392156862745098,0.049019607843137254,0.024509803921568627,0.0392156862745098,0.0392156862745098,0.00980392156862745,0.0392156862745098,0.0392156862745098,0.0392156862745098,0.0392156862745098,0.0392156862745098,0.00980392156862745,0.00980392156862745,0.0,0.00980392156862745,0.0392156862745098,0.0,0.0,0.0,0.00980392156862745,0.00980392156862745,0.0,0.00980392156862745,0.0,0.0,0.0,0.0,0.0,0.0,0.0,0.0,0.0,0.0,0.0392156862745098,0.00980392156862745,0.0,0.0,0.0,0.0,0.0,0.0,0.0,0.0,0.0,0.0,0.0,0.0,0.0,0.0,0.0,0.0,0.0,0.0,0.0,0.0,0.0,0.0,0.0,0.0,0.0,0.0,0.0,0.0,0.0,0.0,0.0,0.0,0.0,0.0,0.0,0.0,0.0,0.0,0.0,0.0,0.0,0.0,0.0,0.0,0.0,0.0,0.0,0.0,0.0,0.0,0.0,0.0,0.0,0.0,0.0,0.0,0.0,0.0,0.0,0.0,0.0,0.0,0.0,0.0,0.0,0.0,0.0,0.0,0.0,0.0,0.0,0.0,0.0,0.0,0.0,0.0
15,0.0196078431372549,0.0196078431372549,0.0196078431372549,0.0196078431372549,0.0196078431372549,0.0196078431372549,0.05392156862745098,0.04411764705882353,0.0196078431372549,0.0196078431372549,0.0196078431372549,0.058823529411764705,0.029411764705882353,0.058823529411764705,0.058823529411764705,0.029411764705882353,0.0196078431372549,0.029411764705882353,0.0196078431372549,0.0196078431372549,0.0196078431372549,0.0196078431372549,0.0196078431372549,0.0,0.0,0.0196078431372549,0.029411764705882353,0.05392156862745098,0.024509803921568627,0.024509803921568627,0.05392156862745098,0.029411764705882353,0.0196078431372549,0.0196078431372549,0.0196078431372549,0.0196078431372549,0.0196078431372549,0.0196078431372549,0.029411764705882353,0.024509803921568627,0.05392156862745098,0.0,0.05392156862745098,0.05392156862745098,0.029411764705882353,0.049019607843137254,0.0392156862745098,0.024509803921568627,0.029411764705882353,0.024509803921568627,0.049019607843137254,0.0392156862745098,0.0392156862745098,0.029411764705882353,0.05392156862745098,0.029411764705882353,0.0196078431372549,0.0392156862745098,0.00980392156862745,0.05392156862745098,0.024509803921568627,0.05392156862745098,0.024509803921568627,0.049019607843137254,0.0392156862745098,0.024509803921568627,0.024509803921568627,0.0392156862745098,0.049019607843137254,0.024509803921568627,0.0392156862745098,0.0392156862745098,0.0392156862745098,0.0392156862745098,0.0392156862745098,0.049019607843137254,0.0392156862745098,0.0392156862745098,0.049019607843137254,0.024509803921568627,0.0392156862745098,0.049019607843137254,0.049019607843137254,0.049019607843137254,0.0392156862745098,0.0392156862745098,0.0392156862745098,0.049019607843137254,0.049019607843137254,0.049019607843137254,0.024509803921568627,0.049019607843137254,0.024509803921568627,0.024509803921568627,0.0392156862745098,0.049019607843137254,0.00980392156862745,0.0392156862745098,0.0,0.00980392156862745,0.0392156862745098,0.00980392156862745,0.00980392156862745,0.00980392156862745,0.0,0.0,0.0,0.0,0.00980392156862745,0.0,0.0,0.0,0.0,0.0,0.0,0.0,0.0,0.0,0.0,0.0,0.0,0.0,0.0,0.0,0.0,0.0,0.00980392156862745,0.0,0.0,0.0,0.0,0.0,0.0,0.0,0.0,0.0,0.0,0.0,0.0,0.0,0.0,0.0,0.0,0.0,0.0,0.0,0.0,0.0,0.0,0.0,0.0,0.0,0.0,0.0,0.0,0.0,0.0,0.0,0.0,0.0,0.0,0.0,0.0,0.0,0.0,0.0,0.0,0.0,0.0,0.0,0.0,0.0,0.0,0.0,0.0,0.0,0.0,0.0,0.0,0.0,0.0,0.0,0.0,0.0,0.0,0.0,0.0,0.0,0.0,0.0,0.0,0.0,0.0,0.0,0.0,0.0,0.0,0.0,0.0,0.0,0.0,0.0,0.0,0.0
16,0.0196078431372549,0.0196078431372549,0.0196078431372549,0.0196078431372549,0.0196078431372549,0.0196078431372549,0.04411764705882353,0.0196078431372549,0.0196078431372549,0.0196078431372549,0.029411764705882353,0.029411764705882353,0.0196078431372549,0.029411764705882353,0.029411764705882353,0.0196078431372549,0.0196078431372549,0.0196078431372549,0.0196078431372549,0.0196078431372549,0.0196078431372549,0.0196078431372549,0.0196078431372549,0.0,0.0,0.029411764705882353,0.05392156862745098,0.024509803921568627,0.049019607843137254,0.049019607843137254,0.024509803921568627,0.05392156862745098,0.029411764705882353,0.0196078431372549,0.0196078431372549,0.0196078431372549,0.0196078431372549,0.029411764705882353,0.05392156862745098,0.049019607843137254,0.024509803921568627,0.0,0.024509803921568627,0.024509803921568627,0.05392156862745098,0.0392156862745098,0.0392156862745098,0.049019607843137254,0.05392156862745098,0.049019607843137254,0.0392156862745098,0.0392156862745098,0.00980392156862745,0.05392156862745098,0.024509803921568627,0.05392156862745098,0.029411764705882353,0.00980392156862745,0.0,0.024509803921568627,0.049019607843137254,0.024509803921568627,0.049019607843137254,0.0392156862745098,0.0392156862745098,0.049019607843137254,0.049019607843137254,0.0392156862745098,0.0392156862745098,0.049019607843137254,0.0392156862745098,0.00980392156862745,0.00980392156862745,0.0392156862745098,0.00980392156862745,0.0392156862745098,0.0392156862745098,0.00980392156862745,0.0392156862745098,0.049019607843137254,0.0392156862745098,0.0392156862745098,0.0392156862745098,0.0392156862745098,0.0392156862745098,0.0392156862745098,0.0392156862745098,0.0392156862745098,0.0392156862745098,0.0392156862745098,0.049019607843137254,0.0392156862745098,0.049019607843137254,0.049019607843137254,0.0392156862745098,0.0392156862745098,0.0,0.00980392156862745,0.0,0.0,0.00980392156862745,0.0,0.0,0.0,0.0,0.0,0.0,0.0,0.0,0.0,0.0,0.0,0.0,0.0,0.0,0.0,0.0,0.0,0.0,0.0,0.0,0.0,0.0,0.0,0.0,0.0,0.0,0.0,0.0,0.0,0.0,0.0,0.0,0.0,0.0,0.0,0.0,0.0,0.0,0.0,0.0,0.0,0.0,0.0,0.0,0.0,0.0,0.0,0.0,0.0,0.0,0.0,0.0,0.0,0.0,0.0,0.0,0.0,0.0,0.0,0.0,0.0,0.0,0.0,0.0,0.0,0.0,0.0,0.0,0.0,0.0,0.0,0.0,0.0,0.0,0.0,0.0,0.0,0.0,0.0,0.0,0.0,0.0,0.0,0.0,0.0,0.0,0.0,0.0,0.0,0.0,0.0,0.0,0.0,0.0,0.0,0.0,0.0,0.0,0.0,0.0,0.0,0.0,0.0
17,0.0196078431372549,0.0196078431372549,0.0196078431372549,0.0196078431372549,0.0196078431372549,0.029411764705882353,0.0196078431372549,0.0196078431372549,0.029411764705882353,0.0196078431372549,0.05392156862745098,0.0196078431372549,0.0196078431372549,0.0196078431372549,0.0196078431372549,0.0196078431372549,0.0196078431372549,0.0196078431372549,0.0196078431372549,0.0196078431372549,0.029411764705882353,0.0196078431372549,0.0196078431372549,0.0,0.0,0.05392156862745098,0.024509803921568627,0.049019607843137254,0.0392156862745098,0.0392156862745098,0.049019607843137254,0.024509803921568627,0.05392156862745098,0.0196078431372549,0.029411764705882353,0.029411764705882353,0.029411764705882353,0.05392156862745098,0.024509803921568627,0.0392156862745098,0.049019607843137254,0.0,0.049019607843137254,0.049019607843137254,0.024509803921568627,0.0392156862745098,0.00980392156862745,0.0392156862745098,0.024509803921568627,0.0392156862745098,0.0392156862745098,0.00980392156862745,0.0,0.024509803921568627,0.049019607843137254,0.024509803921568627,0.05392156862745098,0.0,0.0,0.049019607843137254,0.0392156862745098,0.049019607843137254,0.0392156862745098,0.0392156862745098,0.00980392156862745,0.0392156862745098,0.0392156862745098,0.00980392156862745,0.0392156862745098,0.0392156862745098,0.00980392156862745,0.0,0.0,0.00980392156862745,0.0,0.0392156862745098,0.00980392156862745,0.0,0.0392156862745098,0.0392156862745098,0.00980392156862745,0.0392156862745098,0.0392156862745098,0.0392156862745098,0.00980392156862745,0.00980392156862745,0.00980392156862745,0.0392156862745098,0.0392156862745098,0.0392156862745098,0.0392156862745098,0.0392156862745098,0.0392156862745098,0.0392156862745098,0.00980392156862745,0.0392156862745098,0.0,0.0,0.0,0.0,0.0,0.0,0.0,0.0,0.0,0.0,0.0,0.0,0.0,0.0,0.0,0.0,0.0,0.0,0.0,0.0,0.0,0.0,0.0,0.0,0.0,0.0,0.0,0.0,0.0,0.0,0.0,0.0,0.0,0.0,0.0,0.0,0.0,0.0,0.0,0.0,0.0,0.0,0.0,0.0,0.0,0.0,0.0,0.0,0.0,0.0,0.0,0.0,0.0,0.0,0.0,0.0,0.0,0.0,0.0,0.0,0.0,0.0,0.0,0.0,0.0,0.0,0.0,0.0,0.0,0.0,0.0,0.0,0.0,0.0,0.0,0.0,0.0,0.0,0.0,0.0,0.0,0.0,0.0,0.0,0.0,0.0,0.0,0.0,0.0,0.0,0.0,0.0,0.0,0.0,0.0,0.0,0.0,0.0,0.0,0.0,0.0,0.0,0.0,0.0,0.0,0.0,0.0,0.0
18,0.029411764705882353,0.0196078431372549,0.0196078431372549,0.0196078431372549,0.029411764705882353,0.05392156862745098,0.0196078431372549,0.0196078431372549,0.05392156862745098,0.029411764705882353,0.024509803921568627,0.0196078431372549,0.0196078431372549,0.0196078431372549,0.0196078431372549,0.0196078431372549,0.0196078431372549,0.0196078431372549,0.029411764705882353,0.0196078431372549,0.05392156862745098,0.029411764705882353,0.029411764705882353,0.0,0.0,0.024509803921568627,0.049019607843137254,0.0392156862745098,0.0392156862745098,0.0392156862745098,0.0392156862745098,0.049019607843137254,0.024509803921568627,0.029411764705882353,0.05392156862745098,0.05392156862745098,0.05392156862745098,0.024509803921568627,0.049019607843137254,0.0392156862745098,0.0392156862745098,0.0,0.0392156862745098,0.0392156862745098,0.049019607843137254,0.00980392156862745,0.0,0.0392156862745098,0.049019607843137254,0.0392156862745098,0.00980392156862745,0.0,0.0,0.049019607843137254,0.0392156862745098,0.049019607843137254,0.024509803921568627,0.0,0.0,0.0392156862745098,0.0392156862745098,0.0392156862745098,0.0392156862745098,0.00980392156862745,0.0,0.0392156862745098,0.0392156862745098,0.0,0.00980392156862745,0.0392156862745098,0.0,0.0,0.0,0.0,0.0,0.00980392156862745,0.0,0.0,0.00980392156862745,0.0392156862745098,0.0,0.00980392156862745,0.00980392156862745,0.00980392156862745,0.0,0.0,0.0,0.00980392156862745,0.00980392156862745,0.00980392156862745,0.0392156862745098,0.00980392156862745,0.0392156862745098,0.0392156862745098,0.0,0.00980392156862745,0.0,0.0,0.0,0.0,0.0,0.0,0.0,0.0,0.0,0.0,0.0,0.0,0.0,0.0,0.0,0.0,0.0,0.0,0.0,0.0,0.0,0.0,0.0,0.0,0.0,0.0,0.0,0.0,0.0,0.0,0.0,0.0,0.0,0.0,0.0,0.0,0.0,0.0,0.0,0.0,0.0,0.0,0.0,0.0,0.0,0.0,0.0,0.0,0.0,0.0,0.0,0.0,0.0,0.0,0.0,0.0,0.0,0.0,0.0,0.0,0.0,0.0,0.0,0.0,0.0,0.0,0.0,0.0,0.0,0.0,0.0,0.0,0.0,0.0,0.0,0.0,0.0,0.0,0.0,0.0,0.0,0.0,0.0,0.0,0.0,0.0,0.0,0.0,0.0,0.0,0.0,0.0,0.0,0.0,0.0,0.0,0.0,0.0,0.0,0.0,0.0,0.0,0.0,0.0,0.0,0.0,0.0,0.0
19,0.05392156862745098,0.029411764705882353,0.029411764705882353,0.029411764705882353,0.05392156862745098,0.024509803921568627,0.0196078431372549,0.029411764705882353,0.024509803921568627,0.05392156862745098,0.049019607843137254,0.0196078431372549,0.0196078431372549,0.0196078431372549,0.0196078431372549,0.0196078431372549,0.029411764705882353,0.0196078431372549,0.05392156862745098,0.029411764705882353,0.024509803921568627,0.05392156862745098,0.05392156862745098,0.0,0.0,0.049019607843137254,0.0392156862745098,0.0392156862745098,0.00980392156862745,0.00980392156862745,0.0392156862745098,0.0392156862745098,0.049019607843137254,0.05392156862745098,0.024509803921568627,0.024509803921568627,0.024509803921568627,0.049019607843137254,0.0392156862745098,0.00980392156862745,0.0392156862745098,0.0,0.0392156862745098,0.0392156862745098,0.0392156862745098,0.0,0.0,0.00980392156862745,0.0392156862745098,0.00980392156862745,0.0,0.0,0.0,0.0392156862745098,0.0392156862745098,0.0392156862745098,0.049019607843137254,0.0,0.0,0.0392156862745098,0.00980392156862745,0.0392156862745098,0.00980392156862745,0.0,0.0,0.00980392156862745,0.00980392156862745,0.0,0.0,0.00980392156862745,0.0,0.0,0.0,0.0,0.0,0.0,0.0,0.0,0.0,0.00980392156862745,0.0,0.0,0.0,0.0,0.0,0.0,0.0,0.0,0.0,0.0,0.00980392156862745,0.0,0.00980392156862745,0.00980392156862745,0.0,0.0,0.0,0.0,0.0,0.0,0.0,0.0,0.0,0.0,0.0,0.0,0.0,0.0,0.0,0.0,0.0,0.0,0.0,0.0,0.0,0.0,0.0,0.0,0.0,0.0,0.0,0.0,0.0,0.0,0.0,0.0,0.0,0.0,0.0,0.0,0.0,0.0,0.0,0.0,0.0,0.0,0.0,0.0,0.0,0.0,0.0,0.0,0.0,0.0,0.0,0.0,0.0,0.0,0.0,0.0,0.0,0.0,0.0,0.0,0.0,0.0,0.0,0.0,0.0,0.0,0.0,0.0,0.0,0.0,0.0,0.0,0.0,0.0,0.0,0.0,0.0,0.0,0.0,0.0,0.0,0.0,0.0,0.0,0.0,0.0,0.0,0.0,0.0,0.0,0.0,0.0,0.0,0.0,0.0,0.0,0.0,0.0,0.0,0.0,0.0,0.0,0.0,0.0,0.0,0.0,0.0,0.0,0.0,0.0
20,0.024509803921568627,0.05392156862745098,0.05392156862745098,0.05392156862745098,0.024509803921568627,0.049019607843137254,0.029411764705882353,0.05392156862745098,0.049019607843137254,0.024509803921568627,0.0392156862745098,0.0196078431372549,0.029411764705882353,0.0196078431372549,0.0196078431372549,0.029411764705882353,0.05392156862745098,0.029411764705882353,0.024509803921568627,0.05392156862745098,0.049019607843137254,0.024509803921568627,0.024509803921568627,0.0,0.0,0.0392156862745098,0.0392156862745098,0.00980392156862745,0.0,0.0,0.00980392156862745,0.0392156862745098,0.0392156862745098,0.024509803921568627,0.049019607843137254,0.049019607843137254,0.049019607843137254,0.0392156862745098,0.0392156862745098,0.0,0.00980392156862745,0.0,0.00980392156862745,0.00980392156862745,0.0392156862745098,0.0,0.0,0.0,0.0392156862745098,0.0,0.0,0.0,0.0,0.0392156862745098,0.00980392156862745,0.0392156862745098,0.0392156862745098,0.0,0.0,0.00980392156862745,0.0,0.00980392156862745,0.0,0.0,0.0,0.0,0.0,0.0,0.0,0.0,0.0,0.0,0.0,0.0,0.0,0.0,0.0,0.0,0.0,0.0,0.0,0.0,0.0,0.0,0.0,0.0,0.0,0.0,0.0,0.0,0.0,0.0,0.0,0.0,0.0,0.0,0.0,0.0,0.0,0.0,0.0,0.0,0.0,0.0,0.0,0.0,0.0,0.0,0.0,0.0,0.0,0.0,0.0,0.0,0.0,0.0,0.0,0.0,0.0,0.0,0.0,0.0,0.0,0.0,0.0,0.0,0.0,0.0,0.0,0.0,0.0,0.0,0.0,0.0,0.0,0.0,0.0,0.0,0.0,0.0,0.0,0.0,0.0,0.0,0.0,0.0,0.0,0.0,0.0,0.0,0.0,0.0,0.0,0.0,0.0,0.0,0.0,0.0,0.0,0.0,0.0,0.0,0.0,0.0,0.0,0.0,0.0,0.0,0.0,0.0,0.0,0.0,0.0,0.0,0.0,0.0,0.0,0.0,0.0,0.0,0.0,0.0,0.0,0.0,0.0,0.0,0.0,0.0,0.0,0.0,0.0,0.0,0.0,0.0,0.0,0.0,0.0,0.0,0.0,0.0,0.0,0.0,0.0,0.0
21,0.049019607843137254,0.024509803921568627,0.024509803921568627,0.024509803921568627,0.049019607843137254,0.0392156862745098,0.05392156862745098,0.024509803921568627,0.0392156862745098,0.049019607843137254,0.0392156862745098,0.029411764705882353,0.05392156862745098,0.029411764705882353,0.029411764705882353,0.05392156862745098,0.024509803921568627,0.05392156862745098,0.049019607843137254,0.024509803921568627,0.0392156862745098,0.049019607843137254,0.049019607843137254,0.0,0.0,0.0392156862745098,0.00980392156862745,0.0,0.0,0.0,0.0,0.00980392156862745,0.0392156862745098,0.049019607843137254,0.0392156862745098,0.0392156862745098,0.0392156862745098,0.0392156862745098,0.00980392156862745,0.0,0.0,0.0,0.0,0.0,0.00980392156862745,0.0,0.0,0.0,0.00980392156862745,0.0,0.0,0.0,0.0,0.00980392156862745,0.0,0.00980392156862745,0.0392156862745098,0.0,0.0,0.0,0.0,0.0,0.0,0.0,0.0,0.0,0.0,0.0,0.0,0.0,0.0,0.0,0.0,0.0,0.0,0.0,0.0,0.0,0.0,0.0,0.0,0.0,0.0,0.0,0.0,0.0,0.0,0.0,0.0,0.0,0.0,0.0,0.0,0.0,0.0,0.0,0.0,0.0,0.0,0.0,0.0,0.0,0.0,0.0,0.0,0.0,0.0,0.0,0.0,0.0,0.0,0.0,0.0,0.0,0.0,0.0,0.0,0.0,0.0,0.0,0.0,0.0,0.0,0.0,0.0,0.0,0.0,0.0,0.0,0.0,0.0,0.0,0.0,0.0,0.0,0.0,0.0,0.0,0.0,0.0,0.0,0.0,0.0,0.0,0.0,0.0,0.0,0.0,0.0,0.0,0.0,0.0,0.0,0.0,0.0,0.0,0.0,0.0,0.0,0.0,0.0,0.0,0.0,0.0,0.0,0.0,0.0,0.0,0.0,0.0,0.0,0.0,0.0,0.0,0.0,0.0,0.0,0.0,0.0,0.0,0.0,0.0,0.0,0.0,0.0,0.0,0.0,0.0,0.0,0.0,0.0,0.0,0.0,0.0,0.0,0.0,0.0,0.0,0.0,0.0,0.0,0.0,0.0,0.0
22,0.0392156862745098,0.049019607843137254,0.049019607843137254,0.049019607843137254,0.0392156862745098,0.0392156862745098,0.024509803921568627,0.049019607843137254,0.0392156862745098,0.0392156862745098,0.00980392156862745,0.05392156862745098,0.024509803921568627,0.05392156862745098,0.05392156862745098,0.024509803921568627,0.049019607843137254,0.024509803921568627,0.0392156862745098,0.049019607843137254,0.0392156862745098,0.0392156862745098,0.0392156862745098,0.0,0.0,0.00980392156862745,0.0,0.0,0.0,0.0,0.0,0.0,0.00980392156862745,0.0392156862745098,0.0392156862745098,0.0392156862745098,0.0392156862745098,0.00980392156862745,0.0,0.0,0.0,0.0,0.0,0.0,0.0,0.0,0.0,0.0,0.0,0.0,0.0,0.0,0.0,0.0,0.0,0.0,0.00980392156862745,0.0,0.0,0.0,0.0,0.0,0.0,0.0,0.0,0.0,0.0,0.0,0.0,0.0,0.0,0.0,0.0,0.0,0.0,0.0,0.0,0.0,0.0,0.0,0.0,0.0,0.0,0.0,0.0,0.0,0.0,0.0,0.0,0.0,0.0,0.0,0.0,0.0,0.0,0.0,0.0,0.0,0.0,0.0,0.0,0.0,0.0,0.0,0.0,0.0,0.0,0.0,0.0,0.0,0.0,0.0,0.0,0.0,0.0,0.0,0.0,0.0,0.0,0.0,0.0,0.0,0.0,0.0,0.0,0.0,0.0,0.0,0.0,0.0,0.0,0.0,0.0,0.0,0.0,0.0,0.0,0.0,0.0,0.0,0.0,0.0,0.0,0.0,0.0,0.0,0.0,0.0,0.0,0.0,0.0,0.0,0.0,0.0,0.0,0.0,0.0,0.0,0.0,0.0,0.0,0.0,0.0,0.0,0.0,0.0,0.0,0.0,0.0,0.0,0.0,0.0,0.0,0.0,0.0,0.0,0.0,0.0,0.0,0.0,0.0,0.0,0.0,0.0,0.0,0.0,0.0,0.0,0.0,0.0,0.0,0.0,0.0,0.0,0.0,0.0,0.0,0.0,0.0,0.0,0.0,0.0,0.0,0.0
23,0.0392156862745098,0.0392156862745098,0.0392156862745098,0.0392156862745098,0.0392156862745098,0.00980392156862745,0.049019607843137254,0.0392156862745098,0.00980392156862745,0.0392156862745098,0.0,0.024509803921568627,0.049019607843137254,0.024509803921568627,0.024509803921568627,0.049019607843137254,0.0392156862745098,0.049019607843137254,0.0392156862745098,0.0392156862745098,0.00980392156862745,0.0392156862745098,0.0392156862745098,0.0,0.0,0.0,0.0,0.0,0.0,0.0,0.0,0.0,0.0,0.0392156862745098,0.00980392156862745,0.00980392156862745,0.00980392156862745,0.0,0.0,0.0,0.0,0.0,0.0,0.0,0.0,0.0,0.0,0.0,0.0,0.0,0.0,0.0,0.0,0.0,0.0,0.0,0.0,0.0,0.0,0.0,0.0,0.0,0.0,0.0,0.0,0.0,0.0,0.0,0.0,0.0,0.0,0.0,0.0,0.0,0.0,0.0,0.0,0.0,0.0,0.0,0.0,0.0,0.0,0.0,0.0,0.0,0.0,0.0,0.0,0.0,0.0,0.0,0.0,0.0,0.0,0.0,0.0,0.0,0.0,0.0,0.0,0.0,0.0,0.0,0.0,0.0,0.0,0.0,0.0,0.0,0.0,0.0,0.0,0.0,0.0,0.0,0.0,0.0,0.0,0.0,0.0,0.0,0.0,0.0,0.0,0.0,0.0,0.0,0.0,0.0,0.0,0.0,0.0,0.0,0.0,0.0,0.0,0.0,0.0,0.0,0.0,0.0,0.0,0.0,0.0,0.0,0.0,0.0,0.0,0.0,0.0,0.0,0.0,0.0,0.0,0.0,0.0,0.0,0.0,0.0,0.0,0.0,0.0,0.0,0.0,0.0,0.0,0.0,0.0,0.0,0.0,0.0,0.0,0.0,0.0,0.0,0.0,0.0,0.0,0.0,0.0,0.0,0.0,0.0,0.0,0.0,0.0,0.0,0.0,0.0,0.0,0.0,0.0,0.0,0.0,0.0,0.0,0.0,0.0,0.0,0.0,0.0,0.0,0.0
24,0.00980392156862745,0.0392156862745098,0.0392156862745098,0.0392156862745098,0.00980392156862745,0.0,0.0392156862745098,0.0392156862745098,0.0,0.00980392156862745,0.0,0.049019607843137254,0.0392156862745098,0.049019607843137254,0.049019607843137254,0.0392156862745098,0.0392156862745098,0.0392156862745098,0.00980392156862745,0.0392156862745098,0.0,0.00980392156862745,0.00980392156862745,0.0,0.0,0.0,0.0,0.0,0.0,0.0,0.0,0.0,0.0,0.00980392156862745,0.0,0.0,0.0,0.0,0.0,0.0,0.0,0.0,0.0,0.0,0.0,0.0,0.0,0.0,0.0,0.0,0.0,0.0,0.0,0.0,0.0,0.0,0.0,0.0,0.0,0.0,0.0,0.0,0.0,0.0,0.0,0.0,0.0,0.0,0.0,0.0,0.0,0.0,0.0,0.0,0.0,0.0,0.0,0.0,0.0,0.0,0.0,0.0,0.0,0.0,0.0,0.0,0.0,0.0,0.0,0.0,0.0,0.0,0.0,0.0,0.0,0.0,0.0,0.0,0.0,0.0,0.0,0.0,0.0,0.0,0.0,0.0,0.0,0.0,0.0,0.0,0.0,0.0,0.0,0.0,0.0,0.0,0.0,0.0,0.0,0.0,0.0,0.0,0.0,0.0,0.0,0.0,0.0,0.0,0.0,0.0,0.0,0.0,0.0,0.0,0.0,0.0,0.0,0.0,0.0,0.0,0.0,0.0,0.0,0.0,0.0,0.0,0.0,0.0,0.0,0.0,0.0,0.0,0.0,0.0,0.0,0.0,0.0,0.0,0.0,0.0,0.0,0.0,0.0,0.0,0.0,0.0,0.0,0.0,0.0,0.0,0.0,0.0,0.0,0.0,0.0,0.0,0.0,0.0,0.0,0.0,0.0,0.0,0.0,0.0,0.0,0.0,0.0,0.0,0.0,0.0,0.0,0.0,0.0,0.0,0.0,0.0,0.0,0.0,0.0,0.0,0.0,0.0,0.0,0.0
25,0.0,0.00980392156862745,0.00980392156862745,0.00980392156862745,0.0,0.0,0.0392156862745098,0.00980392156862745,0.0,0.0,0.0,0.0392156862745098,0.0392156862745098,0.0392156862745098,0.0392156862745098,0.0392156862745098,0.00980392156862745,0.0392156862745098,0.0,0.00980392156862745,0.0,0.0,0.0,0.0,0.0,0.0,0.0,0.0,0.0,0.0,0.0,0.0,0.0,0.0,0.0,0.0,0.0,0.0,0.0,0.0,0.0,0.0,0.0,0.0,0.0,0.0,0.0,0.0,0.0,0.0,0.0,0.0,0.0,0.0,0.0,0.0,0.0,0.0,0.0,0.0,0.0,0.0,0.0,0.0,0.0,0.0,0.0,0.0,0.0,0.0,0.0,0.0,0.0,0.0,0.0,0.0,0.0,0.0,0.0,0.0,0.0,0.0,0.0,0.0,0.0,0.0,0.0,0.0,0.0,0.0,0.0,0.0,0.0,0.0,0.0,0.0,0.0,0.0,0.0,0.0,0.0,0.0,0.0,0.0,0.0,0.0,0.0,0.0,0.0,0.0,0.0,0.0,0.0,0.0,0.0,0.0,0.0,0.0,0.0,0.0,0.0,0.0,0.0,0.0,0.0,0.0,0.0,0.0,0.0,0.0,0.0,0.0,0.0,0.0,0.0,0.0,0.0,0.0,0.0,0.0,0.0,0.0,0.0,0.0,0.0,0.0,0.0,0.0,0.0,0.0,0.0,0.0,0.0,0.0,0.0,0.0,0.0,0.0,0.0,0.0,0.0,0.0,0.0,0.0,0.0,0.0,0.0,0.0,0.0,0.0,0.0,0.0,0.0,0.0,0.0,0.0,0.0,0.0,0.0,0.0,0.0,0.0,0.0,0.0,0.0,0.0,0.0,0.0,0.0,0.0,0.0,0.0,0.0,0.0,0.0,0.0,0.0,0.0,0.0,0.0,0.0,0.0,0.0,0.0
26,0.0,0.0,0.0,0.0,0.0,0.0,0.00980392156862745,0.0,0.0,0.0,0.0,0.0392156862745098,0.00980392156862745,0.0392156862745098,0.0392156862745098,0.00980392156862745,0.0,0.00980392156862745,0.0,0.0,0.0,0.0,0.0,0.0,0.0,0.0,0.0,0.0,0.0,0.0,0.0,0.0,0.0,0.0,0.0,0.0,0.0,0.0,0.0,0.0,0.0,0.0,0.0,0.0,0.0,0.0,0.0,0.0,0.0,0.0,0.0,0.0,0.0,0.0,0.0,0.0,0.0,0.0,0.0,0.0,0.0,0.0,0.0,0.0,0.0,0.0,0.0,0.0,0.0,0.0,0.0,0.0,0.0,0.0,0.0,0.0,0.0,0.0,0.0,0.0,0.0,0.0,0.0,0.0,0.0,0.0,0.0,0.0,0.0,0.0,0.0,0.0,0.0,0.0,0.0,0.0,0.0,0.0,0.0,0.0,0.0,0.0,0.0,0.0,0.0,0.0,0.0,0.0,0.0,0.0,0.0,0.0,0.0,0.0,0.0,0.0,0.0,0.0,0.0,0.0,0.0,0.0,0.0,0.0,0.0,0.0,0.0,0.0,0.0,0.0,0.0,0.0,0.0,0.0,0.0,0.0,0.0,0.0,0.0,0.0,0.0,0.0,0.0,0.0,0.0,0.0,0.0,0.0,0.0,0.0,0.0,0.0,0.0,0.0,0.0,0.0,0.0,0.0,0.0,0.0,0.0,0.0,0.0,0.0,0.0,0.0,0.0,0.0,0.0,0.0,0.0,0.0,0.0,0.0,0.0,0.0,0.0,0.0,0.0,0.0,0.0,0.0,0.0,0.0,0.0,0.0,0.0,0.0,0.0,0.0,0.0,0.0,0.0,0.0,0.0,0.0,0.0,0.0,0.0,0.0,0.0,0.0,0.0,0.0
27,0.0,0.0,0.0,0.0,0.0,0.0,0.0,0.0,0.0,0.0,0.0,0.00980392156862745,0.0,0.00980392156862745,0.00980392156862745,0.0,0.0,0.0,0.0,0.0,0.0,0.0,0.0,0.0,0.0,0.0,0.0,0.0,0.0,0.0,0.0,0.0,0.0,0.0,0.0,0.0,0.0,0.0,0.0,0.0,0.0,0.0,0.0,0.0,0.0,0.0,0.0,0.0,0.0,0.0,0.0,0.0,0.0,0.0,0.0,0.0,0.0,0.0,0.0,0.0,0.0,0.0,0.0,0.0,0.0,0.0,0.0,0.0,0.0,0.0,0.0,0.0,0.0,0.0,0.0,0.0,0.0,0.0,0.0,0.0,0.0,0.0,0.0,0.0,0.0,0.0,0.0,0.0,0.0,0.0,0.0,0.0,0.0,0.0,0.0,0.0,0.0,0.0,0.0,0.0,0.0,0.0,0.0,0.0,0.0,0.0,0.0,0.0,0.0,0.0,0.0,0.0,0.0,0.0,0.0,0.0,0.0,0.0,0.0,0.0,0.0,0.0,0.0,0.0,0.0,0.0,0.0,0.0,0.0,0.0,0.0,0.0,0.0,0.0,0.0,0.0,0.0,0.0,0.0,0.0,0.0,0.0,0.0,0.0,0.0,0.0,0.0,0.0,0.0,0.0,0.0,0.0,0.0,0.0,0.0,0.0,0.0,0.0,0.0,0.0,0.0,0.0,0.0,0.0,0.0,0.0,0.0,0.0,0.0,0.0,0.0,0.0,0.0,0.0,0.0,0.0,0.0,0.0,0.0,0.0,0.0,0.0,0.0,0.0,0.0,0.0,0.0,0.0,0.0,0.0,0.0,0.0,0.0,0.0,0.0,0.0,0.0,0.0,0.0,0.0,0.0,0.0,0.0,0.0
28,0.08823529411764706,0.08823529411764706,0.08823529411764706,0.08823529411764706,0.10784313725490197,0.10784313725490197,0.08823529411764706,0.08823529411764706,0.10784313725490197,0.10784313725490197,0.10784313725490197,0.09803921568627451,0.09803921568627451,0.09803921568627451,0.09803921568627451,0.11764705882352941,0.11764705882352941,0.11764705882352941,0.16666666666666666,0.16666666666666666,0.16666666666666666,0.16666666666666666,0.18137254901960784,0.9803921568627451,0.9803921568627451,0.18627450980392157,0.18627450980392157,0.18627450980392157,0.19607843137254902,0.20098039215686275,0.20098039215686275,0.20098039215686275,0.20098039215686275,0.19607843137254902,0.20098039215686275,0.19607843137254902,0.19607843137254902,0.19607843137254902,0.19607843137254902,0.20098039215686275,0.20098039215686275,0.9901960784313726,0.22549019607843138,0.20098039215686275,0.20098039215686275,0.24019607843137256,0.24019607843137256,0.24019607843137256,0.25,0.25,0.25,0.2549019607843137,0.2549019607843137,0.25,0.25,0.2647058823529412,0.2647058823529412,0.2647058823529412,0.2647058823529412,0.2647058823529412,0.2647058823529412,0.2647058823529412,0.2647058823529412,0.2647058823529412,0.2549019607843137,0.2647058823529412,0.3382352941176471,0.2647058823529412,0.3137254901960784,0.3137254901960784,0.30392156862745096,0.3284313725490196,0.3431372549019608,0.3431372549019608,0.3431372549019608,0.35784313725490197,0.35784313725490197,0.35784313725490197,0.35784313725490197,0.35784313725490197,0.35784313725490197,0.35784313725490197,0.35784313725490197,0.35784313725490197,0.3480392156862745,0.35784313725490197,0.35784313725490197,0.35784313725490197,0.35784313725490197,0.35784313725490197,0.35784313725490197,0.35784313725490197,0.35784313725490197,0.35784313725490197,0.46078431372549017,0.46078431372549017,0.4852941176470588,0.4852941176470588,0.4852941176470588,0.4852941176470588,0.4852941176470588,0.4852941176470588,0.4852941176470588,0.4852941176470588,0.4852941176470588,0.4852941176470588,0.4852941176470588,0.4852941176470588,0.49019607843137253,0.5588235294117647,0.5490196078431373,0.5490196078431373,0.5392156862745098,0.5637254901960784,0.5588235294117647,0.5588235294117647,0.5588235294117647,0.5588235294117647,0.5588235294117647,0.5882352941176471,0.5882352941176471,0.6274509803921569,0.6274509803921569,0.6274509803921569,0.6225490196078431,0.6078431372549019,0.6274509803921569,0.6274509803921569,0.6274509803921569,0.6274509803921569,0.6176470588235294,0.6176470588235294,0.6274509803921569,0.6274509803921569,0.6274509803921569,0.6274509803921569,0.6666666666666666,0.6470588235294118,0.6470588235294118,0.6470588235294118,0.6568627450980392,0.6666666666666666,0.6666666666666666,0.7058823529411765,0.7303921568627451,0.7303921568627451,0.7450980392156863,0.7450980392156863,0.7549019607843137,0.7549019607843137,0.8088235294117647,0.8088235294117647,0.8088235294117647,0.7892156862745098,0.7892156862745098,0.7892156862745098,0.7892156862745098,0.7892156862745098,0.7794117647058824,0.7794117647058824,0.8333333333333334,0.8333333333333334,0.8186274509803921,0.7892156862745098,0.8137254901960784,0.8137254901960784,0.8333333333333334,0.8333333333333334,0.8333333333333334,0.8480392156862745,0.8480392156862745,0.9019607843137255,0.9019607843137255,0.8970588235294118,0.8970588235294118,0.9509803921568627,0.9509803921568627,0.8970588235294118,0.9509803921568627,0.9509803921568627,0.8774509803921569,0.8774509803921569,0.8627450980392157,0.9901960784313726,0.9901960784313726,0.9803921568627451,0.9803921568627451,0.9754901960784313,0.9019607843137255,0.9019607843137255,0.9019607843137255,0.9117647058823529,0.9117647058823529,0.9117647058823529,0.9117647058823529,0.9117647058823529,0.9117647058823529,0.9264705882352942,0.9264705882352942,0.9901960784313726,0.9901960784313726,0.9901960784313726,0.9901960784313726,0.9901960784313726
